<?xml version="1.0" encoding="UTF-8" standalone="no"?>
<registration_data version="1.0">
   <environment>
      <hostname>E754</hostname>
      <hostId/>
      <osName>Windows 7</osName>
      <osVersion>6.1</osVersion>
      <osArchitecture>x86</osArchitecture>
      <systemModel>Parallels Virtual Platform</systemModel>
      <systemManufacturer>Parallels Software International Inc.</systemManufacturer>
      <cpuManufacturer>GenuineIntel</cpuManufacturer>
      <serialNumber>Parallels-70 E2 C8 66 A1 52 4C 3E 8F EB F4 1F 31 64 F7 D2</serialNumber>
   </environment>
   <registry urn="urn:st:c1fee47a-812b-4ae1-901d-25cdccd96bfb" version="1.0">
      <service_tag>
         <instance_urn>urn:st:dc1bc507-efff-4084-a4d7-a4eb404252ee</instance_urn>
         <product_name>Java SE 7 Development Kit</product_name>
         <product_version>1.7.0_13</product_version>
         <product_urn>JSEZ9-007-ZZZZ</product_urn>
         <product_parent_urn>urn:uuid:dc1704fe-264f-11dc-9482-080020a9ed93</product_parent_urn>
         <product_parent>Java Platform Standard Edition 7 (Java SE 7)</product_parent>
         <product_defined_inst_id>id=1.7.0_13-b20 x86,dir=C:\Program Files\Java\jdk1.7.0_13\jre</product_defined_inst_id>
         <product_vendor>Oracle Corporation</product_vendor>
         <platform_arch>x86</platform_arch>
         <timestamp>2015-09-09 11:32:14 GMT</timestamp>
         <container>global</container>
         <source>Windows JDK i586 installer</source>
         <installer_uid>-1</installer_uid>
      </service_tag>
   </registry>
</registration_data>
